Image,F1,Jaccard,Recall,Precision
833.png,0.8960931005818786,0.8117469879518072,0.948943661971831,0.8488188976377953
